Episode,Epsilon,Episode Reward,Mean Reward
0,0.8998200000000001,-424,-424.0
1,0.8996400360000001,-428,-426.0
2,0.8994601079928001,-311,-387.6666666666667
3,0.8992802159712016,-306,-367.25
4,0.8991003599280073,-351,-364.0
5,0.8989205398560217,-24,-307.3333333333333
6,0.8987407557480506,-300,-306.2857142857143
7,0.8985610075969009,-323,-308.375
8,0.8983812953953816,-28,-277.22222222222223
9,0.8982016191363025,-300,-279.5
10,0.8980219788124753,6,-253.54545454545453
11,0.8978423744167128,-33,-235.16666666666666
12,0.8976628059418295,13,-216.07692307692307
13,0.8974832733806412,-404,-229.5
14,0.8973037767259651,-388,-240.06666666666666
15,0.8971243159706199,20,-223.8125
16,0.8969448911074258,-327,-229.88235294117646
17,0.8967655021292044,-300,-233.77777777777777
18,0.8965861490287785,21,-220.3684210526316
19,0.8964068317989728,-39,-211.3
20,0.896227550432613,-345,-217.66666666666666
21,0.8960483049225265,-492,-230.13636363636363
22,0.895869095261542,-312,-233.69565217391303
23,0.8956899214424897,-380,-239.79166666666666
24,0.8955107834582012,-95,-234.0
25,0.8953316813015096,-315,-237.1153846153846
26,0.8951526149652493,-5,-228.5185185185185
27,0.8949735844422563,-302,-231.14285714285714
28,0.8947945897253679,5,-223.0
29,0.8946156308074228,-110,-219.23333333333332
30,0.8944367076812614,-314,-222.29032258064515
31,0.8942578203397251,-356,-226.46875
32,0.8940789687756572,-372,-230.87878787878788
33,0.8939001529819021,-382,-235.3235294117647
34,0.8937213729513057,-367,-239.0857142857143
35,0.8935426286767155,-476,-245.66666666666666
36,0.8933639201509802,-478,-251.94594594594594
37,0.89318524736695,-314,-253.57894736842104
38,0.8930066103174766,-329,-255.51282051282053
39,0.8928280089954131,-24,-249.725
40,0.8926494433936141,-325,-251.5609756097561
41,0.8924709135049353,-365,-254.26190476190476
42,0.8922924193222344,-301,-255.34883720930233
43,0.8921139608383699,21,-249.0681818181818
44,0.8919355380462023,-334,-250.95555555555555
45,0.8917571509385931,22,-245.02173913043478
46,0.8915787995084054,18,-239.4255319148936
47,0.8914004837485037,-339,-241.5
48,0.891222203651754,-200,-240.6530612244898
49,0.8910439592110236,25,-235.34
50,0.8908657504191815,-322,-237.0392156862745
51,0.8906875772690976,-173,-235.80769230769232
52,0.8905094397536438,5,-231.26415094339623
53,0.8903313378656931,-79,-228.44444444444446
54,0.89015327159812,20,-223.92727272727274
55,0.8899752409438003,-342,-226.03571428571428
56,0.8897972458956116,-430,-229.6140350877193
57,0.8896192864464325,15,-225.39655172413794
58,0.8894413625891432,-315,-226.91525423728814
59,0.8892634743166253,-326,-228.56666666666666
60,0.8890856216217621,-14,-225.04918032786884
61,0.8889078044974378,24,-221.03225806451613
62,0.8887300229365384,-347,-223.03174603174602
63,0.888552276931951,-3,-219.59375
64,0.8883745664765647,-371,-221.92307692307693
65,0.8881968915632693,-304,-223.16666666666666
66,0.8880192521849567,-314,-224.52238805970148
67,0.8878416483345197,-107,-222.7941176470588
68,0.8876640800048529,-336,-224.43478260869566
69,0.8874865471888519,16,-221.0
70,0.8873090498794142,-311,-222.26760563380282
71,0.8871315880694383,-319,-223.61111111111111
72,0.8869541617518244,-160,-222.73972602739727
73,0.886776770919474,-352,-224.48648648648648
74,0.8865994155652902,0,-221.49333333333334
75,0.8864220956821771,-345,-223.1184210526316
76,0.8862448112630407,-57,-220.96103896103895
77,0.8860675623007881,-32,-218.53846153846155
78,0.885890348788328,21,-215.50632911392404
79,0.8857131707185703,-464,-218.6125
80,0.8855360280844266,-301,-219.62962962962962
81,0.8853589208788097,-319,-220.84146341463415
82,0.885181849094634,12,-218.03614457831324
83,0.8850048127248151,-374,-219.89285714285714
84,0.8848278117622702,-406,-222.08235294117648
85,0.8846508461999177,20,-219.2674418604651
86,0.8844739160306778,-380,-221.11494252873564
87,0.8842970212474717,-20,-218.82954545454547
88,0.8841201618432222,11,-216.24719101123594
89,0.8839433378108535,-44,-214.33333333333334
90,0.8837665491432914,7,-211.9010989010989
91,0.8835897958334628,-493,-214.95652173913044
92,0.8834130778742961,-335,-216.247311827957
93,0.8832363952587213,-59,-214.5744680851064
94,0.8830597479796696,-302,-215.49473684210525
95,0.8828831360300736,-28,-213.54166666666666
96,0.8827065594028676,23,-211.10309278350516
97,0.882530018090987,-333,-212.3469387755102
98,0.8823535120873688,21,-209.989898989899
99,0.8821770413849513,-325,-211.14
100,0.8820006059766744,25,-206.65
101,0.881824205855479,10,-202.27
102,0.8816478410143079,-27,-199.43
103,0.8814715114461051,-300,-199.37
104,0.881295217143816,15,-195.71
105,0.8811189581003872,-415,-199.62
106,0.8809427343087671,-334,-199.96
107,0.8807665457619054,-52,-197.25
108,0.8805903924527531,17,-196.8
109,0.8804142743742626,-325,-197.05
110,0.8802381915193878,23,-196.88
111,0.880062143881084,-302,-199.57
112,0.8798861314523078,-110,-200.8
113,0.8797101542260173,-77,-197.53
114,0.8795342121951721,18,-193.47
115,0.8793583053527331,10,-193.57
116,0.8791824336916625,-397,-194.27
117,0.8790065972049241,-303,-194.3
118,0.8788307958854832,-394,-198.45
119,0.8786550297263062,-323,-201.29
120,0.8784792987203609,-28,-198.12
121,0.8783036028606168,-364,-196.84
122,0.8781279421400447,-20,-193.92
123,0.8779523165516168,11,-190.01
124,0.8777767260883065,-315,-192.21
125,0.8776011707430889,-28,-189.34
126,0.8774256505089403,-316,-192.45
127,0.8772501653788385,20,-189.23
128,0.8770747153457628,-383,-193.11
129,0.8768993004026936,5,-191.96
130,0.876723920542613,-360,-192.42
131,0.8765485757585045,-305,-191.91
132,0.8763732660433529,23,-187.96
133,0.8761979913901442,-302,-187.16
134,0.8760227517918662,-7,-183.56
135,0.8758475472415078,-77,-179.57
136,0.8756723777320595,24,-174.55
137,0.8754972432565131,-41,-171.82
138,0.8753221438078619,-400,-172.53
139,0.8751470793791003,-321,-175.5
140,0.8749720499632245,-320,-175.45
141,0.874797055553232,-301,-174.81
142,0.8746220961421213,-323,-175.03
143,0.8744471717228929,5,-175.19
144,0.8742722822885484,-8,-171.93
145,0.8740974278320907,24,-171.91
146,0.8739226083465242,-431,-176.4
147,0.8737478238248549,-57,-173.58
148,0.87357307426009,13,-171.45
149,0.873398359645238,24,-171.46
150,0.873223679973309,11,-168.13
151,0.8730490352373144,23,-166.17
152,0.8728744254302669,-409,-170.31
153,0.872699850545181,-343,-172.95
154,0.872525310575072,-385,-177.0
155,0.872350805512957,-331,-176.89
156,0.8721763353518543,-353,-176.12
157,0.872001900084784,-18,-176.45
158,0.871827499704767,-160,-174.9
159,0.871653134204826,16,-171.48
160,0.8714788035779851,11,-171.23
161,0.8713045078172695,3,-171.44
162,0.8711302469157061,-347,-171.44
163,0.870956020866323,-315,-174.56
164,0.8707818296621497,8,-170.77
165,0.8706076732962172,21,-167.52
166,0.870433551761558,-449,-168.87
167,0.8702594650512058,-340,-171.2
168,0.8700854131581955,10,-167.74
169,0.8699113960755639,-363,-171.53
170,0.8697374137963488,-424,-172.66
171,0.8695634663135896,3,-169.44
172,0.8693895536203269,-362,-171.46
173,0.8692156757096028,-31,-168.25
174,0.8690418325744609,8,-168.17
175,0.868868024207946,-427,-168.99
176,0.8686942506031043,25,-168.17
177,0.8685205117529837,-301,-170.86
178,0.8683468076506331,-301,-174.08
179,0.868173138289103,24,-169.2
180,0.8679995036614452,13,-166.06
181,0.8678259037607129,-310,-165.97
182,0.8676523385799607,-389,-169.98
183,0.8674788081122448,8,-166.16
184,0.8673053123506224,-305,-165.15
185,0.8671318512881523,-360,-168.95
186,0.8669584249178947,18,-164.97
187,0.8667850332329111,-7,-164.84
188,0.8666116762262646,-338,-168.33
189,0.8664383538910193,-374,-171.63
190,0.8662650662202411,-375,-175.45
191,0.8660918132069971,-19,-170.71
192,0.8659185948443557,-320,-170.56
193,0.8657454111253868,-334,-173.31
194,0.8655722620431617,-306,-173.35
195,0.8653991475907531,-61,-173.68
196,0.865226067761235,-320,-177.11
197,0.8650530225476828,-343,-177.21
198,0.8648800119431733,-9,-177.51
199,0.8647070359407847,-306,-177.32
200,0.8645340945335965,25,-177.32
201,0.8643611877146898,-308,-180.5
202,0.8641883154771469,11,-180.12
203,0.8640154778140515,-40,-177.52
204,0.8638426747184887,-200,-179.67
205,0.8636699061835451,-30,-175.82
206,0.8634971722023084,-307,-175.55
207,0.863324472767868,-305,-178.08
208,0.8631518078733144,-200,-180.25
209,0.8629791775117397,25,-176.75
210,0.8628065816762374,19,-176.79
211,0.8626340203599021,0,-173.77
212,0.8624614935558301,-344,-176.11
213,0.8622890012571189,15,-175.19
214,0.8621165434568675,-310,-178.47
215,0.8619441201481761,-497,-183.54
216,0.8617717313241465,-44,-180.01
217,0.8615993769778817,-163,-178.61
218,0.8614270571024861,10,-174.57
219,0.8612547716910657,-328,-174.62
220,0.8610825207367275,-13,-174.47
221,0.8609103042325802,-373,-174.56
222,0.8607381221717337,-34,-174.7
223,0.8605659745472994,-356,-178.37
224,0.86039386135239,-308,-178.3
225,0.8602217825801196,-334,-181.36
226,0.8600497382236036,21,-177.99
227,0.859877728275959,-9,-178.28
228,0.8597057527303038,-53,-174.98
229,0.8595338115797577,-83,-175.86
230,0.8593619048174418,-497,-177.23
231,0.8591900324364783,-64,-174.82
232,0.859018194429991,-302,-178.07
233,0.858846390791105,-316,-178.21
234,0.8586746215129468,-10,-178.24
235,0.8585028865886443,-361,-181.08
236,0.8583311860113265,-302,-184.34
237,0.8581595197741243,-323,-187.16
238,0.8579878878701694,-6,-183.22
239,0.8578162902925954,-361,-183.62
240,0.857644727034537,-406,-184.48
241,0.8574731980891301,-1,-181.48
242,0.8573017034495123,-468,-182.93
243,0.8571302431088224,-56,-183.54
244,0.8569588170602006,-300,-186.46
245,0.8567874252967885,-34,-187.04
246,0.8566160678117292,-307,-185.8
247,0.8564447445981669,-301,-188.24
248,0.8562734556492473,-41,-188.78
249,0.8561022009581174,-135,-190.37
250,0.8559309805179258,-331,-193.79
251,0.8557597943218223,-200,-196.02
252,0.855588642362958,-200,-193.93
253,0.8554175246344854,-4,-190.54
254,0.8552464411295585,-47,-187.16
255,0.8550753918413326,-374,-187.59
256,0.8549043767629644,-383,-187.89
257,0.8547333958876118,-8,-187.79
258,0.8545624492084343,-496,-191.15
259,0.8543915367185926,-82,-192.13
260,0.8542206584112488,19,-192.05
261,0.8540498142795666,-335,-195.43
262,0.8538790043167107,-306,-195.02
263,0.8537082285158474,-326,-195.13
264,0.8535374868701442,-138,-196.59
265,0.8533667793727702,17,-196.63
266,0.8531961060168957,-337,-195.51
267,0.8530254667956924,4,-192.07
268,0.8528548617023333,-370,-195.87
269,0.8526842907299929,-317,-195.41
270,0.8525137538718469,20,-190.97
271,0.8523432511210726,-85,-191.85
272,0.8521727824708484,-300,-191.23
273,0.8520023479143543,-319,-194.11
274,0.8518319474447714,-326,-197.45
275,0.8516615810552824,7,-193.11
276,0.8514912487390714,-448,-197.84
277,0.8513209504893237,-45,-195.28
278,0.8511506862992259,21,-192.06
279,0.850980456161966,-8,-192.38
280,0.8508102600707337,12,-192.39
281,0.8506400980187195,-339,-192.68
282,0.8504699699991158,-2,-188.81
283,0.850299876005116,-307,-191.96
284,0.850129816029915,-95,-189.86
285,0.8499597900667091,-306,-189.32
286,0.8497897981086957,-482,-194.32
287,0.849619840149074,-410,-198.35
288,0.8494499161810442,-315,-198.12
289,0.849280026197808,-381,-198.19
290,0.8491101701925684,-382,-198.26
291,0.8489403481585299,-354,-201.61
292,0.8487705600888983,-200,-200.41
293,0.8486008059768805,12,-196.95
294,0.8484310858156852,-305,-196.94
295,0.8482613995985221,-79,-197.12
296,0.8480917473186024,22,-193.7
297,0.8479221289691387,-79,-191.06
298,0.8477525445433448,-34,-191.31
299,0.8475829940344362,-390,-192.15
300,0.8474134774356293,-384,-196.24
301,0.8472439947401422,-24,-193.4
302,0.8470745459411942,-357,-197.08
303,0.846905131032006,-470,-201.38
304,0.8467357500057997,-66,-200.04
305,0.8465664028557985,-78,-200.52
306,0.8463970895752274,-39,-197.84
307,0.8462278101573124,-106,-195.85
308,0.846058564595281,-439,-198.24
309,0.8458893528823619,-51,-199.0
310,0.8457201750117854,-320,-202.39
311,0.8455510309767831,24,-202.15
312,0.8453819207705877,-353,-202.24
313,0.8452128443864336,-300,-205.39
314,0.8450438018175563,-318,-205.47
315,0.8448747930571928,-352,-204.02
316,0.8447058180985814,-463,-208.21
317,0.8445368769349617,-349,-210.07
318,0.8443679695595747,10,-210.07
319,0.8441990959656628,-457,-211.36
320,0.8440302561464696,-106,-212.29
321,0.8438614500952404,-23,-208.79
322,0.8436926778052214,-450,-212.95
323,0.8435239392696604,-366,-213.05
324,0.8433552344818065,-309,-213.06
325,0.8431865634349102,-300,-212.72
326,0.8430179261222231,-408,-217.01
327,0.8428493225369987,-11,-217.03
328,0.8426807526724913,-480,-221.3
329,0.8425122165219568,-200,-222.47
330,0.8423437140786525,-373,-221.23
331,0.8421752453358368,-330,-223.89
332,0.8420068102867696,-41,-221.28
333,0.8418384089247123,-311,-221.23
334,0.8416700412429273,-74,-221.87
335,0.8415017072346788,-10,-218.36
336,0.8413334068932319,-466,-220.0
337,0.8411651402118533,-38,-217.15
338,0.8409969071838109,-316,-220.25
339,0.8408287078023742,-200,-218.64
340,0.8406605420608138,-316,-217.74
341,0.8404924099524016,-119,-218.92
342,0.8403243114704111,-314,-217.38
343,0.840156246608117,-310,-219.92
344,0.8399882153587954,23,-216.69
345,0.8398202177157237,7,-216.28
346,0.8396522536721805,23,-212.98
347,0.8394843232214462,-25,-210.22
348,0.8393164263568019,-28,-210.09
349,0.8391485630715306,-382,-212.56
350,0.8389807333589163,-200,-211.25
351,0.8388129372122446,7,-209.18
352,0.8386451746248021,0,-207.18
353,0.8384774455898772,-307,-210.21
354,0.8383097501007593,-387,-213.61
355,0.8381420881507391,-411,-213.98
356,0.8379744597331089,22,-209.93
357,0.8378068648411623,-358,-213.43
358,0.837639303468194,-371,-212.18
359,0.8374717756075004,5,-211.31
360,0.8373042812523789,-305,-214.55
361,0.8371368203961285,10,-211.1
362,0.8369693930320493,-345,-211.49
363,0.8368019991534429,-200,-210.23
364,0.8366346387536122,-83,-209.68
365,0.8364673118258615,-322,-213.07
366,0.8363000183634964,24,-209.46
367,0.8361327583598237,-418,-213.68
368,0.8359655318081518,-73,-210.71
369,0.8357983387017902,-7,-207.61
370,0.8356311790340498,-302,-210.83
371,0.835464052798243,-406,-214.04
372,0.8352969599876834,-310,-214.14
373,0.8351299005956858,-200,-212.95
374,0.8349628746155667,-360,-213.29
375,0.8347958820406436,-400,-217.36
376,0.8346289228642355,-200,-214.88
377,0.8344619970796627,-320,-217.63
378,0.8342951046802468,-450,-222.34
379,0.8341282456593108,-7,-222.33
380,0.8339614200101789,21,-222.24
381,0.8337946277261769,24,-218.61
382,0.8336278688006317,-318,-221.77
383,0.8334611432268716,-305,-221.75
384,0.8332944509982262,-388,-224.68
385,0.8331277921080266,22,-221.4
386,0.832961166549605,-117,-217.75
387,0.832794574316295,23,-213.42
388,0.8326280154014317,-52,-210.79
389,0.8324614897983514,-200,-208.98
390,0.8322949975003918,-337,-208.53
391,0.8321285385008917,21,-204.78
392,0.8319621127931915,-47,-203.25
393,0.8317957203706329,-353,-206.9
394,0.8316293612265587,-152,-205.37
395,0.8314630353543134,-301,-207.59
396,0.8312967427472426,-37,-208.18
397,0.8311304833986932,-328,-210.67
398,0.8309642573020135,-364,-213.97
399,0.8307980644505532,-342,-213.49
400,0.830631904837663,-313,-212.78
401,0.8304657784566956,-301,-215.55
402,0.8302996853010043,-200,-213.98
403,0.8301336253639441,-328,-212.56
404,0.8299675986388713,-301,-214.91
405,0.8298016051191435,-364,-217.77
406,0.8296356447981197,-27,-217.65
407,0.8294697176691601,-458,-221.17
408,0.8293038237256263,-389,-220.67
409,0.8291379629608812,-340,-223.56
410,0.828972135368289,-333,-223.69
411,0.8288063409412153,-302,-226.95
412,0.8286405796730271,-300,-226.42
413,0.8284748515570924,20,-223.22
414,0.8283091565867811,-401,-224.05
415,0.8281434947554637,22,-220.31
416,0.8279778660565126,-200,-217.68
417,0.8278122704833013,17,-214.02
418,0.8276467080292047,-346,-217.58
419,0.8274811786875989,-439,-217.4
420,0.8273156824518614,-9,-216.43
421,0.827150219315371,21,-215.99
422,0.826984789271508,-47,-211.96
423,0.8268193923136536,22,-208.08
424,0.826654028435191,-471,-209.7
425,0.8264886976295039,-300,-209.7
426,0.826323399889978,-322,-208.84
427,0.82615813521,-5,-208.78
428,0.8259929035829581,-34,-204.32
429,0.8258277050022415,6,-202.26
430,0.825662539461241,3,-198.5
431,0.8254974069533488,-305,-198.25
432,0.8253323074719582,17,-197.67
433,0.8251672410104638,-40,-194.96
434,0.8250022075622617,-308,-197.3
435,0.8248372071207493,-11,-197.31
436,0.8246722396793251,-498,-197.63
437,0.8245073052313893,-422,-201.47
438,0.824342403770343,-314,-201.45
439,0.8241775352895889,-331,-202.76
440,0.824012699782531,-88,-200.48
441,0.8238478972425745,-110,-200.39
442,0.823683127663126,-329,-200.54
443,0.8235183910375934,-417,-201.61
444,0.8233536873593859,-324,-205.08
445,0.823189016621914,-358,-208.73
446,0.8230243788185897,-487,-213.83
447,0.822859773942826,-338,-216.96
448,0.8226952019880374,17,-216.51
449,0.8225306629476398,-301,-215.7
450,0.8223661568150502,-200,-215.7
451,0.8222016835836872,-2,-215.79
452,0.8220372432469705,-69,-216.48
453,0.821872835798321,-346,-216.87
454,0.8217084612311614,-394,-216.94
455,0.8215441195389152,-5,-212.88
456,0.8213798107150074,-35,-213.45
457,0.8212155347528645,16,-209.71
458,0.821051291645914,-34,-206.34
459,0.8208870813875848,16,-206.23
460,0.8207229039713073,-37,-203.55
461,0.820558759390513,-328,-206.93
462,0.8203946476386349,-20,-203.68
463,0.8202305687091072,-8,-201.76
464,0.8200665225953654,11,-200.82
465,0.8199025092908463,-330,-200.9
466,0.8197385287889881,-5,-201.19
467,0.8195745810832303,-329,-200.3
468,0.8194106661670137,-200,-201.57
469,0.8192467840337804,-318,-204.68
470,0.8190829346769737,-493,-206.59
471,0.8189191180900383,2,-202.51
472,0.8187553342664202,-315,-202.56
473,0.8185915831995669,-28,-200.84
474,0.8184278648829271,-200,-199.24
475,0.8182641793099505,-328,-198.52
476,0.8181005264740886,-424,-200.76
477,0.8179369063687938,-5,-197.61
478,0.81777331898752,-342,-196.53
479,0.8176097643237226,-7,-196.53
480,0.8174462423708578,-332,-200.06
481,0.8172827531223836,-301,-203.31
482,0.8171192965717592,-388,-204.01
483,0.8169558727124449,-87,-201.83
484,0.8167924815379024,-344,-201.39
485,0.8166291230415949,-32,-201.93
486,0.8164657972169865,-11,-200.87
487,0.8163025040575431,-357,-204.67
488,0.8161392435567316,-373,-207.88
489,0.8159760157080203,-321,-209.09
490,0.8158128205048787,-306,-208.78
491,0.8156496579407777,-308,-212.07
492,0.8154865280091895,-200,-213.6
493,0.8153234307035877,-32,-210.39
494,0.815160366017447,-119,-210.06
495,0.8149973339442436,-43,-207.48
496,0.8148343344774547,-345,-210.56
497,0.8146713676105592,-10,-207.38
498,0.8145084333370372,9,-203.65
499,0.8143455316503697,-323,-203.46
500,0.8141826625440397,20,-200.13
501,0.8140198260115309,-328,-200.4
502,0.8138570220463286,-397,-202.37
503,0.8136942506419194,-445,-203.54
504,0.813531511791791,-432,-204.85
505,0.8133688054894326,-3,-201.24
506,0.8132061317283347,-300,-203.97
507,0.813043490501989,-75,-200.14
508,0.8128808818038886,-200,-198.25
509,0.8127183056275279,-350,-198.35
510,0.8125557619664024,-60,-195.62
511,0.8123932508140091,-82,-193.42
512,0.8122307721638463,-324,-193.66
513,0.8120683260094136,-452,-198.38
514,0.8119059123442117,-335,-197.72
515,0.8117435311617429,-419,-202.13
516,0.8115811824555106,-5,-200.18
517,0.8114188662190195,1,-200.34
518,0.8112565824457757,-311,-199.99
519,0.8110943311292865,-365,-199.25
520,0.8109321122630607,13,-199.03
521,0.8107699258406081,-360,-202.84
522,0.8106077718554401,-386,-206.23
523,0.810445650301069,-324,-209.69
524,0.8102835611710087,-342,-208.4
525,0.8101215044587745,-53,-205.93
526,0.8099594801578828,-36,-203.07
527,0.8097974882618512,-395,-206.97
528,0.8096355287641989,-200,-208.63
529,0.8094736016584461,-312,-211.81
530,0.8093117069381144,-463,-216.47
531,0.8091498445967268,-80,-214.22
532,0.8089880146278075,-306,-217.45
533,0.8088262170248819,-148,-218.53
534,0.808664451781477,-380,-219.25
535,0.8085027188911207,24,-218.9
536,0.8083410183473425,-1,-213.93
537,0.808179350143673,-308,-212.79
538,0.8080177142736443,-336,-213.01
539,0.8078561107307897,14,-209.56
540,0.8076945395086436,-325,-211.93
541,0.8075330006007418,2,-210.81
542,0.8073714940006217,-302,-210.54
543,0.8072100197018216,-334,-209.71
544,0.8070485776978813,-1,-206.48
545,0.8068871679823417,-401,-206.91
546,0.8067257905487453,10,-201.94
547,0.8065644453906355,-33,-198.89
548,0.8064031325015575,-200,-201.06
549,0.8062418518750571,-24,-198.29
550,0.8060806035046821,-311,-199.4
551,0.8059193873839812,-326,-202.64
552,0.8057582035065044,-477,-206.72
553,0.8055970518658031,-343,-206.69
554,0.80543593245543,-54,-203.29
555,0.8052748452689389,-320,-206.44
556,0.8051137902998852,-100,-207.09
557,0.8049527675418252,-200,-209.25
558,0.8047917769883168,-360,-212.51
559,0.8046308186329192,-312,-215.79
560,0.8044698924691926,-23,-215.65
561,0.8043089984906988,-404,-216.41
562,0.8041481366910007,3,-216.18
563,0.8039873070636625,-401,-220.11
564,0.8038265096022498,0,-220.22
565,0.8036657443003293,-70,-217.62
566,0.8035050111514693,-200,-219.57
567,0.803344310149239,-407,-220.35
568,0.8031836412872092,-362,-221.97
569,0.8030230045589518,-375,-222.54
570,0.8028623999580401,19,-217.42
571,0.8027018274780485,-315,-220.59
572,0.8025412871125529,-386,-221.3
573,0.8023807788551304,-2,-221.04
574,0.8022203026993594,-310,-222.14
575,0.8020598586388196,11,-218.75
576,0.8018994466670918,-346,-217.97
577,0.8017390667777584,-104,-218.96
578,0.8015787189644029,-1,-215.55
579,0.8014184032206101,-200,-217.48
580,0.801258119539966,16,-214.0
581,0.801097867916058,-5,-211.04
582,0.8009376483424748,-14,-207.3
583,0.8007774608128063,-345,-209.88
584,0.8006173053206438,5,-206.39
585,0.8004571818595797,-18,-206.25
586,0.8002970904232078,-353,-209.67
587,0.8001370310051232,-362,-209.72
588,0.7999770035989222,23,-205.76
589,0.7998170081982025,-331,-205.86
590,0.7996570447965629,22,-202.58
591,0.7994971133876035,-358,-203.08
592,0.7993372139649261,-405,-205.13
593,0.7991773465221331,11,-204.7
594,0.7990175110528287,-322,-206.73
595,0.7988577075506181,-59,-206.89
596,0.798697936009108,-300,-206.44
597,0.7985381964219062,-310,-209.44
598,0.7983784887826217,4,-209.49
599,0.7982188130848652,-200,-208.26
600,0.7980591693222483,12,-208.34
601,0.7978995574883838,21,-204.85
602,0.7977399775768862,-370,-204.58
603,0.7975804295813709,-200,-202.13
604,0.7974209134954546,19,-197.62
605,0.7972614293127556,-38,-197.97
606,0.797101977026893,-325,-198.22
607,0.7969425566314876,-200,-199.47
608,0.7967831681201614,25,-197.22
609,0.7966238114865374,-321,-196.93
610,0.7964644867242401,-200,-198.33
611,0.7963051938268952,25,-197.26
612,0.7961459327881298,14,-193.88
613,0.7959867036015722,-301,-192.37
614,0.7958275062608519,-323,-192.25
615,0.7956683407595997,-448,-192.54
616,0.7955092070914478,-494,-197.43
617,0.7953501052500295,-406,-201.5
618,0.7951910352289795,-7,-198.46
619,0.7950319970219337,-363,-198.44
620,0.7948729906225294,-441,-202.98
621,0.7947140160244048,-304,-202.42
622,0.7945550732212,-313,-201.69
623,0.7943961622065557,-424,-202.69
624,0.7942372829741144,-317,-202.44
625,0.7940784355175197,14,-201.77
626,0.7939196198304161,20,-201.21
627,0.7937608359064501,17,-197.09
628,0.7936020837392688,22,-194.87
629,0.793443363322521,-151,-193.26
630,0.7932846746498565,-351,-192.14
631,0.7931260177149265,23,-191.11
632,0.7929673925113836,-41,-188.46
633,0.7928087990328814,-47,-187.45
634,0.7926502372730748,18,-183.47
635,0.7924917072256202,-440,-188.11
636,0.7923332088841751,-200,-190.1
637,0.7921747422423984,-34,-187.36
638,0.7920163072939499,-1,-184.01
639,0.7918579040324911,-86,-185.01
640,0.7916995324516847,7,-181.69
641,0.7915411925451944,-200,-183.71
642,0.7913828843066854,-339,-184.08
643,0.7912246077298241,18,-180.56
644,0.7910663628082781,16,-180.39
645,0.7909081495357165,-57,-176.95
646,0.7907499679058094,-16,-177.21
647,0.7905918179122283,-403,-180.91
648,0.7904336995486458,-415,-183.06
649,0.7902756128087361,10,-182.72
650,0.7901175576861744,13,-179.48
651,0.7899595341746372,-57,-176.79
652,0.7898015422678022,14,-171.88
653,0.7896435819593487,-93,-169.38
654,0.7894856532429568,-401,-172.85
655,0.7893277561123082,-17,-169.82
656,0.7891698905610858,-200,-170.82
657,0.7890120565829736,-66,-169.48
658,0.788854254171657,-96,-166.84
659,0.7886964833208226,-372,-167.44
660,0.7885387440241585,-330,-170.51
661,0.7883810362753536,7,-166.4
662,0.7882233600680986,-11,-166.54
663,0.7880657153960849,-80,-163.33
664,0.7879081022530058,-300,-166.33
665,0.7877505206325552,-333,-168.96
666,0.7875929705284287,25,-166.71
667,0.7874354519343231,-315,-165.79
668,0.7872779648439362,-27,-162.44
669,0.7871205092509674,9,-158.6
670,0.7869630851491173,22,-158.57
671,0.7868056925320874,-408,-159.5
672,0.786648331393581,-391,-159.55
673,0.7864910017273024,-10,-159.63
674,0.7863337035269569,-381,-160.34
675,0.7861764367862515,-424,-164.69
676,0.7860192014988943,-32,-161.55
677,0.7858619976585945,-12,-160.63
678,0.7857048252590628,23,-160.39
679,0.785547684294011,-355,-161.94
680,0.7853905747571522,-462,-166.72
681,0.7852334966422009,16,-166.51
682,0.7850764499428724,22,-166.15
683,0.7849194346528838,-351,-166.21
684,0.7847624507659533,-303,-169.29
685,0.7846054982758002,-378,-172.89
686,0.784448577176145,-388,-173.24
687,0.7842916874607098,1,-169.61
688,0.7841348291232176,18,-169.66
689,0.783978002157393,-167,-168.02
690,0.7838212065569615,-86,-169.1
691,0.7836644423156501,-164,-167.16
692,0.7835077094271871,-86,-163.97
693,0.7833510078853017,-40,-164.48
694,0.7831943376837246,-345,-164.71
695,0.7830376988161879,-93,-165.05
696,0.7828810912764247,-337,-165.42
697,0.7827245150581694,-327,-165.59
698,0.7825679701551578,-12,-165.75
699,0.7824114565611268,-44,-164.19
700,0.7822549742698146,-302,-167.33
701,0.7820985232749607,-171,-169.25
702,0.7819421035703057,-300,-168.55
703,0.7817857151495916,-300,-169.55
704,0.7816293580065617,-305,-172.79
705,0.7814730321349604,-200,-174.41
706,0.7813167375285335,-40,-171.56
707,0.7811604741810277,4,-169.52
708,0.7810042420861916,-200,-171.77
709,0.7808480412377743,-424,-172.8
710,0.7806918716295268,-7,-170.87
711,0.7805357332552009,-409,-175.21
712,0.7803796261085498,-304,-178.39
713,0.7802235501833281,-311,-178.49
714,0.7800675054732915,-327,-178.53
715,0.7799114919721969,-377,-177.82
716,0.7797555096738025,-354,-176.42
717,0.7795995585718677,24,-172.12
718,0.7794436386601533,-320,-175.25
719,0.7792877499324213,-355,-175.17
720,0.7791318923824349,24,-170.52
721,0.7789760660039584,-35,-167.83
722,0.7788202707907577,-410,-168.8
723,0.7786645067365995,-325,-167.81
724,0.7785087738352522,15,-164.49
725,0.7783530720804852,-300,-167.63
726,0.7781974014660691,-152,-169.35
727,0.7780417619857759,-366,-173.18
728,0.7778861536333788,-302,-176.42
729,0.7777305764026521,-300,-177.91
730,0.7775750302873716,-332,-177.72
731,0.7774195152813141,-390,-181.85
732,0.777264031378258,-307,-184.51
733,0.7771085785719823,-303,-187.07
734,0.776953156856268,-333,-190.58
735,0.7767977662248967,-393,-190.11
736,0.7766424066716517,-30,-188.41
737,0.7764870781903175,-318,-191.25
738,0.7763317807746795,-32,-191.56
739,0.7761765144185245,16,-190.54
740,0.7760212791156409,25,-190.36
741,0.7758660748598177,-303,-191.39
742,0.7757109016448458,-306,-191.06
743,0.7755557594645168,-356,-194.8
744,0.7754006483126239,-14,-195.1
745,0.7752455681829614,-200,-196.53
746,0.7750905190693248,-4,-196.41
747,0.774935500965511,-200,-194.38
748,0.7747805138653179,11,-190.12
749,0.7746255577625448,15,-190.07
750,0.7744706326509924,-338,-193.58
751,0.7743157385244622,-332,-196.33
752,0.7741608753767574,-16,-196.63
753,0.7740060432016821,-85,-196.55
754,0.7738512419930418,-434,-196.88
755,0.7736964717446432,-360,-200.31
756,0.7735417324502942,-383,-202.14
757,0.7733870241038042,-324,-204.72
758,0.7732323466989834,-1,-203.77
759,0.7730777002296436,-305,-203.1
760,0.7729230846895977,-302,-202.82
761,0.7727685000726598,3,-202.86
762,0.7726139463726454,-146,-204.21
763,0.7724594235833708,-56,-203.97
764,0.7723049316986542,-462,-205.59
765,0.7721504707123145,-150,-203.76
766,0.7719960406181721,-335,-207.36
767,0.7718416414100484,3,-204.18
768,0.7716872730817664,-310,-207.01
769,0.7715329356271501,12,-206.98
770,0.7713786290400246,4,-207.16
771,0.7712243533142167,-2,-203.1
772,0.7710701084435538,-300,-202.19
773,0.7709158944218651,-346,-205.55
774,0.7707617112429808,22,-201.52
775,0.7706075589007322,-305,-200.33
776,0.770453437388952,-58,-200.59
777,0.7702993467014743,-16,-200.63
778,0.770145286832134,-75,-201.61
779,0.7699912577747676,-200,-200.06
780,0.7698372595232127,-300,-198.44
781,0.769683292071308,-346,-202.06
782,0.7695293554128938,-324,-205.52
783,0.7693754495418113,6,-201.95
784,0.7692215744519029,-349,-202.41
785,0.7690677301370125,-319,-201.82
786,0.7689139165909851,-326,-201.2
787,0.7687601338076668,24,-200.97
788,0.7686063817809053,-106,-202.21
789,0.7684526605045492,-300,-203.54
790,0.7682989699724483,-301,-205.69
791,0.7681453101784538,8,-203.97
792,0.7679916811164181,-4,-203.15
793,0.7678380827801948,-200,-204.75
794,0.7676845151636388,-364,-204.94
795,0.7675309782606061,-306,-207.07
796,0.767377472064954,-307,-206.77
797,0.767223996570541,-51,-204.01
798,0.7670705517712268,-2,-203.91
799,0.7669171376608727,-5,-203.52
800,0.7667637542333405,-323,-203.73
801,0.7666104014824939,-116,-203.18
802,0.7664570794021974,-324,-203.42
803,0.766303787986317,-200,-202.42
804,0.7661505272287198,12,-199.25
805,0.765997297123274,-27,-197.52
806,0.7658440976638494,8,-197.04
807,0.7656909288443167,-131,-198.39
808,0.7655377906585478,-200,-198.39
809,0.7653846831004161,-355,-197.7
810,0.765231606163796,-473,-202.36
811,0.7650785598425633,-454,-202.81
812,0.7649255441305949,-411,-203.88
813,0.7647725590217688,-304,-203.81
814,0.7646196045099645,-499,-205.53
815,0.7644666805890625,24,-201.52
816,0.7643137872529447,-12,-198.1
817,0.7641609244954942,-127,-199.61
818,0.7640080923105952,14,-196.27
819,0.7638552906921331,-9,-192.81
820,0.7637025196339947,-127,-194.32
821,0.7635497791300679,-7,-194.04
822,0.763397069174242,-497,-194.91
823,0.7632443897604072,-416,-195.82
824,0.7630917408824551,-14,-196.11
825,0.7629391225342786,-391,-197.02
826,0.7627865347097718,-106,-196.56
827,0.7626339774028298,-77,-193.67
828,0.7624814506073493,-385,-194.5
829,0.7623289543172278,-324,-194.74
830,0.7621764885263643,-353,-194.95
831,0.7620240532286591,-200,-193.05
832,0.7618716484180134,-132,-191.3
833,0.7617192740883297,-360,-191.87
834,0.7615669302335121,-200,-190.54
835,0.7614146168474654,-376,-190.37
836,0.7612623339240959,-488,-194.95
837,0.7611100814573111,-434,-196.11
838,0.7609578594410197,4,-195.75
839,0.7608056678691315,23,-195.68
840,0.7606535067355576,-31,-196.24
841,0.7605013760342105,-39,-193.6
842,0.7603492757590037,-17,-190.71
843,0.7601972059038519,-11,-187.26
844,0.7600451664626711,-10,-187.22
845,0.7598931574293786,-200,-187.22
846,0.7597411787978927,24,-186.94
847,0.7595892305621331,-317,-188.11
848,0.7594373127160207,-101,-189.23
849,0.7592854252534775,-3,-189.41
850,0.7591335681684268,-200,-188.03
851,0.7589817414547931,-48,-185.19
852,0.7588299451065021,-32,-185.35
853,0.7586781791174808,-301,-187.51
854,0.7585264434816573,-108,-184.25
855,0.758374738192961,-416,-184.81
856,0.7582230632453224,6,-180.92
857,0.7580714186326734,-85,-178.53
858,0.7579198043489468,-11,-178.63
859,0.757768220388077,-429,-179.87
860,0.7576166667439994,-320,-180.05
861,0.7574651434106506,-385,-183.93
862,0.7573136503819685,-473,-187.2
863,0.7571621876518921,-38,-187.02
864,0.7570107552143618,10,-182.3
865,0.756859353063319,-325,-184.05
866,0.7567079811927063,-311,-183.81
867,0.7565566395964678,-56,-184.4
868,0.7564053282685486,-413,-185.43
869,0.7562540472028949,-363,-189.18
870,0.7561027963934543,-394,-193.16
871,0.7559515758341757,-47,-193.61
872,0.7558003855190089,-344,-194.05
873,0.755649225441905,-342,-194.01
874,0.7554980955968167,16,-194.07
875,0.7553469959776974,-355,-194.57
876,0.7551959265785019,-365,-197.64
877,0.7550448873931862,-323,-200.71
878,0.7548938784157075,-405,-204.01
879,0.7547428996400244,10,-201.91
880,0.7545919510600964,24,-198.67
881,0.7544410326698844,-325,-198.46
882,0.7542901444633504,-8,-195.3
883,0.7541392864344577,-459,-199.95
884,0.7539884585771708,-300,-199.46
885,0.7538376608854553,-359,-199.86
886,0.7536868933532783,-303,-199.63
887,0.7535361559746077,-413,-204.0
888,0.7533854487434127,-32,-203.26
889,0.753234771653664,-315,-203.41
890,0.7530841246993333,-303,-203.43
891,0.7529335078743934,-34,-203.85
892,0.7527829211728185,-400,-207.81
893,0.752632364588584,-309,-208.9
894,0.7524818381156663,-367,-208.93
895,0.7523313417480432,-300,-208.87
896,0.7521808754796936,-328,-209.08
897,0.7520304393045977,-30,-208.87
898,0.7518800332167368,-353,-212.38
899,0.7517296572100934,-331,-215.64
900,0.7515793112786514,-200,-214.41
901,0.7514289954163957,24,-213.01
902,0.7512787096173125,-380,-213.57
903,0.7511284538753891,-334,-214.91
904,0.750978228184614,25,-214.78
905,0.7508280325389771,-10,-214.61
906,0.7506778669324693,-142,-216.11
907,0.7505277313590828,1,-214.79
908,0.750377625812811,-408,-216.87
909,0.7502275502876484,24,-213.08
910,0.7500775047775909,-171,-210.06
911,0.7499274892766354,-357,-209.09
912,0.7497775037787802,-381,-208.79
913,0.7496275482780245,-300,-208.75
914,0.7494776227683689,-19,-203.95
915,0.7493277272438152,-314,-207.33
916,0.7491778616983665,-55,-207.76
917,0.7490280261260269,-200,-208.49
918,0.7488782205208018,23,-208.4
919,0.7487284448766977,-431,-212.62
920,0.7485786991877224,15,-211.2
921,0.7484289834478848,-398,-215.11
922,0.7482792976511952,-430,-214.44
923,0.748129641791665,-462,-214.9
924,0.7479800158633066,-29,-215.05
925,0.747830419860134,-96,-212.1
926,0.747680853776162,-353,-214.57
927,0.7475313176054068,-467,-218.47
928,0.7473818113418857,-30,-214.92
929,0.7472323349796174,-43,-212.11
930,0.7470828885126215,-301,-211.59
931,0.746933471934919,-7,-209.66
932,0.746784085240532,-17,-208.51
933,0.7466347284234839,-367,-208.58
934,0.7464854014777992,-168,-208.26
935,0.7463361043975036,0,-204.5
936,0.7461868371766242,19,-199.43
937,0.7460375998091888,21,-194.88
938,0.745888392289227,-7,-194.99
939,0.7457392146107692,-310,-198.32
940,0.745590066767847,-55,-198.56
941,0.7454409487544934,22,-197.95
942,0.7452918605647425,-322,-201.0
943,0.7451428021926295,-111,-202.0
944,0.744993773632191,-307,-204.97
945,0.7448447748774646,-200,-204.97
946,0.7446958059224891,-318,-208.39
947,0.7445468667613045,2,-205.2
948,0.7443979573879523,-74,-204.93
949,0.7442490777964748,-33,-205.23
950,0.7441002279809155,-398,-207.21
951,0.7439514079353193,-300,-209.73
952,0.7438026176537322,-72,-210.13
953,0.7436538571302015,-329,-210.41
954,0.7435051263587754,-364,-212.97
955,0.7433564253335037,-300,-211.81
956,0.743207754048437,-422,-216.09
957,0.7430591124976273,19,-215.05
958,0.7429105006751279,-11,-215.05
959,0.7427619185749929,-472,-215.48
960,0.7426133661912778,7,-212.21
961,0.7424648435180395,-312,-211.48
962,0.742316350549336,10,-206.65
963,0.7421678872792261,25,-206.02
964,0.7420194537017702,-71,-206.83
965,0.7418710498110299,-200,-205.58
966,0.7417226756010677,20,-202.27
967,0.7415743310659475,20,-201.51
968,0.7414260161997344,3,-197.35
969,0.7412777309964944,-8,-193.8
970,0.7411294754502952,-200,-191.86
971,0.7409812495552052,-394,-195.33
972,0.7408330533052941,-38,-192.27
973,0.7406848866946331,-306,-191.91
974,0.7405367497172941,-433,-196.4
975,0.7403886423673507,-41,-193.26
976,0.7402405646388772,-304,-192.65
977,0.7400925165259494,-4,-189.46
978,0.7399444980226443,-355,-188.96
979,0.7397965091230397,-3,-189.09
980,0.7396485498212152,-14,-189.47
981,0.739500620111251,-156,-187.78
982,0.7393527199872287,-305,-190.75
983,0.7392048494432313,-328,-189.44
984,0.7390570084733427,-364,-190.08
985,0.738909197071648,22,-186.27
986,0.7387614152322337,-425,-187.49
987,0.7386136629491873,-308,-186.44
988,0.7384659402165975,-327,-189.39
989,0.7383182470285542,-9,-186.33
990,0.7381705833791485,-98,-184.28
991,0.7380229492624727,-300,-186.94
992,0.7378753446726202,-435,-187.29
993,0.7377277696036857,-3,-184.23
994,0.737580224049765,19,-180.37
995,0.7374327080049551,-370,-181.07
996,0.7372852214633541,-328,-181.07
997,0.7371377644190614,-300,-183.77
998,0.7369903368661777,-36,-180.6
999,0.7368429387988045,15,-177.14
1000,0.7366955702110447,-372,-178.86
1001,0.7365482310970025,-302,-182.12
1002,0.7364009214507832,-36,-178.68
1003,0.7362536412664931,-445,-179.79
1004,0.7361063905382398,22,-179.82
1005,0.7359591692601322,-406,-183.78
1006,0.7358119774262801,-474,-187.1
1007,0.7356648150307948,-446,-191.57
1008,0.7355176820677887,-23,-187.72
1009,0.7353705785313751,-200,-189.96
1010,0.7352235044156689,16,-188.09
1011,0.7350764597147857,-17,-184.69
1012,0.7349294444228428,-107,-181.95
1013,0.7347824585339583,-86,-179.81
1014,0.7346355020422515,9,-179.53
1015,0.734488574941843,-46,-176.85
1016,0.7343416772268547,-200,-178.3
1017,0.7341948088914094,-200,-178.3
1018,0.7340479699296312,4,-178.49
1019,0.7339011603356452,-319,-177.37
1020,0.7337543801035781,-12,-177.64
1021,0.7336076292275574,15,-173.51
1022,0.7334609077017119,-338,-172.59
1023,0.7333142155201716,-32,-168.29
1024,0.7331675526770676,19,-167.81
1025,0.7330209191665322,11,-166.74
1026,0.732874314982699,9,-163.12
1027,0.7327277401197024,9,-158.36
1028,0.7325811945716785,23,-157.83
1029,0.7324346783327641,-25,-157.65
1030,0.7322881913970976,-300,-157.64
1031,0.7321417337588182,-124,-158.81
1032,0.7319953054120665,-34,-158.98
1033,0.7318489063509841,-304,-158.35
1034,0.731702536569714,-57,-157.24
1035,0.7315561960624001,-68,-157.92
1036,0.7314098848231876,15,-157.96
1037,0.7312636028462229,19,-157.98
1038,0.7311173501256537,-306,-160.97
1039,0.7309711266556286,-353,-161.4
1040,0.7308249324302974,-388,-164.73
1041,0.7306787674438114,-312,-168.07
1042,0.7305326316903227,-200,-166.85
1043,0.7303865251639846,-329,-169.03
1044,0.7302404478589518,-11,-166.07
1045,0.7300943997693801,-200,-166.07
1046,0.7299483808894262,-314,-166.03
1047,0.7298023912132483,-389,-169.94
1048,0.7296564307350056,-371,-172.91
1049,0.7295104994488586,-200,-174.58
1050,0.7293645973489689,-301,-173.61
1051,0.7292187244294991,-46,-171.07
1052,0.7290728806846132,-302,-173.37
1053,0.7289270661084762,-431,-174.39
1054,0.7287812806952546,-42,-171.17
1055,0.7286355244391156,-415,-172.32
1056,0.7284897973342278,-429,-172.39
1057,0.728344099374761,1,-172.57
1058,0.728198430554886,-300,-175.46
1059,0.7280527908687751,-335,-174.09
1060,0.7279071803106013,-8,-174.24
1061,0.7277615988745392,-67,-171.79
1062,0.7276160465547643,14,-171.75
1063,0.7274705233454534,18,-171.82
1064,0.7273250292407843,0,-171.11
1065,0.7271795642349362,-432,-173.43
1066,0.7270341283220892,-41,-174.04
1067,0.7268887214964248,20,-174.04
1068,0.7267433437521256,-319,-177.26
1069,0.7265979950833752,-403,-181.21
1070,0.7264526754843585,-308,-182.29
1071,0.7263073849492617,-353,-181.88
1072,0.7261621234722719,-363,-185.13
1073,0.7260168910475775,-200,-184.07
1074,0.725871687669368,-305,-182.79
1075,0.7257265133318342,-73,-183.11
1076,0.7255813680291678,18,-179.89
1077,0.725436251755562,-304,-182.89
1078,0.7252911645052109,-88,-180.22
1079,0.7251461062723099,-376,-183.95
1080,0.7250010770510554,-367,-187.48
1081,0.7248560768356452,22,-185.7
1082,0.7247111056202781,-417,-186.82
1083,0.724566163399154,-302,-186.56
1084,0.7244212501664742,-200,-184.92
1085,0.724276365916441,18,-184.96
1086,0.7241315106432576,-301,-183.72
1087,0.723986684341129,-9,-180.73
1088,0.7238418870042608,20,-177.26
1089,0.7236971186268599,-9,-177.26
1090,0.7235523792031345,-115,-177.43
1091,0.7234076687272939,11,-174.32
1092,0.7232629871935484,16,-169.81
1093,0.7231183345961097,-422,-174.0
1094,0.7229737109291905,-7,-174.26
1095,0.7228291161870046,-200,-172.56
1096,0.7226845503637672,-32,-169.6
1097,0.7225400134536945,5,-166.55
1098,0.7223955054510037,-435,-170.54
1099,0.7222510263499136,21,-170.48
1100,0.7221065761446436,-363,-170.39
1101,0.7219621548294146,-320,-170.57
1102,0.7218177623984487,-45,-170.66
1103,0.721673398845969,-51,-166.72
1104,0.7215290641661999,-15,-167.09
1105,0.7213847583533667,-200,-165.03
1106,0.721240481401696,-324,-163.53
1107,0.7210962333054157,-21,-159.28
1108,0.7209520140587546,-361,-162.66
1109,0.7208078236559429,11,-160.55
1110,0.7206636620912117,-374,-164.45
1111,0.7205195293587935,-71,-164.99
1112,0.7203754254529218,1,-163.91
1113,0.7202313503678311,-358,-166.63
1114,0.7200873040977576,-108,-167.8
1115,0.7199432866369381,-303,-170.37
1116,0.7197992979796107,-351,-171.88
1117,0.7196553381200148,-321,-173.09
1118,0.7195114070523908,-441,-177.54
1119,0.7193675047709803,-300,-177.35
1120,0.7192236312700262,6,-177.17
1121,0.7190797865437722,-138,-178.7
1122,0.7189359705864635,-301,-178.33
1123,0.7187921833923463,-401,-182.02
1124,0.7186484249556678,5,-182.16
1125,0.7185046952706767,1,-182.26
1126,0.7183609943316226,-17,-182.52
1127,0.7182173221327562,19,-182.42
1128,0.7180736786683297,-78,-183.43
1129,0.7179300639325961,22,-182.96
1130,0.7177864779198095,13,-179.83
1131,0.7176429206242256,25,-178.34
1132,0.7174993920401008,-478,-182.78
1133,0.7173558921616928,24,-179.5
1134,0.7172124209832605,-83,-179.76
1135,0.7170689784990639,-447,-183.55
1136,0.7169255647033641,-358,-187.28
1137,0.7167821795904235,-90,-188.37
1138,0.7166388231545053,18,-185.13
1139,0.7164954953898744,-93,-182.53
1140,0.7163521962907965,-311,-181.76
1141,0.7162089258515384,-200,-180.64
1142,0.7160656840663681,-80,-179.44
1143,0.7159224709295549,-408,-180.23
1144,0.7157792864353689,-72,-180.84
1145,0.7156361305780818,14,-178.7
1146,0.7154930033519662,-7,-175.63
1147,0.7153499047512958,-200,-173.74
1148,0.7152068347703455,-138,-171.41
1149,0.7150637934033914,-200,-171.41
1150,0.7149207806447108,-55,-168.95
1151,0.7147777964885819,-386,-172.35
1152,0.7146348409292842,-301,-172.34
1153,0.7144919139610983,7,-167.96
1154,0.7143490155783061,-153,-169.07
1155,0.7142061457751905,-58,-165.5
1156,0.7140633045460355,-32,-161.53
1157,0.7139204918851263,-399,-165.53
1158,0.7137777077867493,-317,-165.7
1159,0.713634952245192,11,-162.24
1160,0.713492225254743,-424,-166.4
1161,0.7133495268096921,-200,-167.73
1162,0.7132068569043302,-28,-168.15
1163,0.7130642155329493,-74,-169.07
1164,0.7129216026898427,-382,-172.89
1165,0.7127790183693048,19,-168.38
1166,0.712636462565631,-414,-172.11
1167,0.7124939352731179,12,-172.19
1168,0.7123514364860632,-9,-169.09
1169,0.7122089661987661,-60,-165.66
1170,0.7120665244055263,13,-162.45
1171,0.7119241111006452,-342,-162.34
1172,0.7117817262784252,-300,-161.71
1173,0.7116393699331695,-305,-162.76
1174,0.7114970420591828,-121,-160.92
1175,0.711354742650771,-83,-161.02
1176,0.7112124717022409,-399,-165.19
1177,0.7110702292079004,-304,-165.19
1178,0.7109280151620588,-374,-168.05
1179,0.7107858295590265,-200,-166.29
1180,0.7106436723931147,-323,-165.85
1181,0.710501543658636,-336,-169.43
1182,0.7103594433499043,-9,-165.35
1183,0.7102173714612343,-200,-164.33
1184,0.7100753279869421,-67,-163.0
1185,0.7099333129213447,-79,-163.97
1186,0.7097913262587604,-110,-162.06
1187,0.7096493679935086,-435,-166.32
1188,0.7095074381199099,-200,-168.52
1189,0.709365536632286,-322,-171.65
1190,0.7092236635249595,-142,-171.92
1191,0.7090818187922545,-303,-175.06
1192,0.7089400024284961,15,-175.07
1193,0.7087982144280104,0,-170.85
1194,0.7086564547851248,-91,-171.69
1195,0.7085147234941679,-41,-170.1
1196,0.708373020549469,-200,-171.78
1197,0.7082313459453592,-77,-172.6
1198,0.7080896996761701,-320,-171.45
1199,0.7079480817362349,-301,-174.67
1200,0.7078064921198877,-434,-175.38
1201,0.7076649308214638,-81,-172.99
1202,0.7075233978352995,-73,-173.27
1203,0.7073818931557324,-200,-174.76
1204,0.7072404167771013,-301,-177.62
1205,0.7070989686937459,20,-175.42
1206,0.7069575489000072,-23,-172.41
1207,0.7068161573902272,-315,-175.35
1208,0.7066747941587491,-102,-172.76
1209,0.7065334591999174,-35,-173.22
1210,0.7063921525080774,-338,-172.86
1211,0.7062508740775758,-66,-172.81
1212,0.7061096239027603,-304,-175.86
1213,0.7059684019779798,-38,-172.66
1214,0.7058272082975843,-401,-175.59
1215,0.7056860428559247,-1,-172.57
1216,0.7055449056473536,-307,-172.13
1217,0.7054037966662242,-312,-172.04
1218,0.7052627159068909,-300,-170.63
1219,0.7051216633637096,-314,-170.77
1220,0.7049806390310369,10,-170.73
1221,0.7048396429032308,-425,-173.6
1222,0.7046986749746501,-438,-174.97
1223,0.7045577352396551,-10,-171.06
1224,0.7044168236926073,-379,-174.9
1225,0.7042759403278688,-363,-178.54
1226,0.7041350851398033,-43,-178.8
1227,0.7039942581227753,-200,-180.99
1228,0.7038534592711507,-373,-183.94
1229,0.7037126885792965,-28,-184.44
1230,0.7035719460415806,-200,-186.57
1231,0.7034312316523723,-15,-186.97
1232,0.7032905454060419,-351,-185.7
1233,0.7031498872969607,-57,-186.51
1234,0.7030092573195014,-24,-185.92
1235,0.7028686554680375,-5,-181.5
1236,0.7027280817369439,-44,-178.36
1237,0.7025875361205965,-346,-180.92
1238,0.7024470186133724,-300,-184.1
1239,0.7023065292096498,-200,-185.17
1240,0.7021660679038079,8,-181.98
1241,0.7020256346902272,-120,-181.18
1242,0.7018852295632891,17,-180.21
1243,0.7017448525173765,-319,-179.32
1244,0.7016045035468731,-99,-179.59
1245,0.7014641826461637,-57,-180.3
1246,0.7013238898096346,-77,-181.0
1247,0.7011836250316726,-406,-183.06
1248,0.7010433883066663,16,-181.52
1249,0.7009031796290051,-399,-183.51
1250,0.7007629989930793,-305,-186.01
1251,0.7006228463932807,-200,-184.15
1252,0.7004827218240021,-32,-181.46
1253,0.7003426252796373,-75,-182.28
1254,0.7002025567545814,-486,-185.61
1255,0.7000625162432306,-352,-188.55
1256,0.699922503739982,-200,-190.23
1257,0.699782519239234,24,-186.0
1258,0.6996425627353862,-316,-185.99
1259,0.6995026342228391,-15,-186.25
1260,0.6993627336959946,-125,-183.26
1261,0.6992228611492554,15,-181.11
1262,0.6990830165770255,-346,-184.29
1263,0.6989431999737101,-301,-186.56
1264,0.6988034113337154,-200,-184.74
1265,0.6986636506514486,19,-184.74
1266,0.6985239179213184,15,-180.45
1267,0.6983842131377341,-200,-182.57
1268,0.6982445362951066,-399,-186.47
1269,0.6981048873878476,-399,-189.86
1270,0.69796526641037,17,-189.82
1271,0.697825673357088,-349,-189.89
1272,0.6976861082224166,-27,-187.16
1273,0.6975465710007721,-200,-186.11
1274,0.697407061686572,-328,-188.18
1275,0.6972675802742346,-170,-189.05
1276,0.6971281267581798,-24,-185.3
1277,0.6969887011328282,7,-182.19
1278,0.6968493033926016,0,-178.45
1279,0.6967099335319231,19,-176.26
1280,0.6965705915452167,5,-172.98
1281,0.6964312774269077,-426,-173.88
1282,0.6962919911714224,-200,-175.79
1283,0.6961527327731881,-395,-177.74
1284,0.6960135022266335,-312,-180.19
1285,0.6958742995261882,-21,-179.61
1286,0.695735124666283,-1,-178.52
1287,0.6955959776413497,-412,-178.29
1288,0.6954568584458215,-143,-177.72
1289,0.6953177670741324,24,-174.26
1290,0.6951787035207175,-300,-175.84
1291,0.6950396677800134,-408,-176.89
1292,0.6949006598464573,-335,-180.39
1293,0.6947616797144881,-158,-181.97
1294,0.6946227273785452,-300,-184.06
1295,0.6944838028330695,-319,-186.84
1296,0.694344906072503,14,-184.7
1297,0.6942060370912885,-39,-184.32
1298,0.6940671958838702,-103,-182.15
1299,0.6939283824446935,-23,-179.37
1300,0.6937895967682045,-200,-177.03
1301,0.6936508388488509,-301,-179.23
1302,0.6935121086810812,-316,-181.66
1303,0.693373406259345,-392,-183.58
1304,0.6932347315780931,-120,-181.77
1305,0.6930960846317775,-472,-186.69
1306,0.6929574654148511,16,-186.3
1307,0.6928188739217682,-395,-187.1
1308,0.6926803101469838,-331,-189.39
1309,0.6925417740849544,-345,-192.49
1310,0.6924032657301374,-200,-191.11
1311,0.6922647850769914,-405,-194.5
1312,0.692126332119976,-200,-193.46
1313,0.691987906853552,10,-192.98
1314,0.6918495092721814,-321,-192.18
1315,0.6917111393703269,5,-192.12
1316,0.6915727971424529,24,-188.81
1317,0.6914344825830244,-337,-189.06
1318,0.6912961956865078,24,-185.82
1319,0.6911579364473706,25,-182.43
1320,0.6910197048600811,21,-182.32
1321,0.6908815009191092,-356,-181.63
1322,0.6907433246189254,-200,-179.25
1323,0.6906051759540016,15,-179.0
1324,0.6904670549188109,-53,-175.74
1325,0.6903289615078272,-426,-176.37
1326,0.6901908957155256,-438,-180.32
1327,0.6900528575363826,-302,-181.34
1328,0.6899148469648753,-200,-179.61
1329,0.6897768639954823,-10,-179.43
1330,0.6896389086226833,-413,-181.56
1331,0.6895009808409588,-200,-183.41
1332,0.6893630806447906,-2,-179.92
1333,0.6892252080286616,-200,-181.35
1334,0.6890873629870559,-158,-182.69
1335,0.6889495455144584,-451,-187.15
1336,0.6888117556053556,-39,-187.1
1337,0.6886739932542345,-81,-184.45
1338,0.6885362584555836,-200,-183.45
1339,0.6883985512038925,-406,-185.51
1340,0.6882608714936517,6,-185.53
1341,0.6881232193193529,-27,-184.6
1342,0.687985594675489,-58,-185.35
1343,0.6878479975565539,-70,-182.86
1344,0.6877104279570426,-358,-185.45
1345,0.6875728858714513,-350,-188.38
1346,0.687435371294277,-454,-192.15
1347,0.6872978842200181,-438,-192.47
1348,0.6871604246431742,-23,-192.86
1349,0.6870229925582455,10,-188.77
1350,0.6868855879597339,-200,-187.72
1351,0.6867482108421419,-300,-188.72
1352,0.6866108611999735,16,-188.24
1353,0.6864735390277336,-315,-190.64
1354,0.686336244319928,-303,-188.81
1355,0.686198977071064,25,-185.04
1356,0.6860617372756498,-148,-184.52
1357,0.6859245249281947,-472,-189.48
1358,0.6857873400232091,-386,-190.18
1359,0.6856501825552045,-1,-190.04
1360,0.6855130525186934,-360,-192.39
1361,0.6853759499081897,-428,-196.82
1362,0.6852388747182081,-157,-194.93
1363,0.6851018269432645,-142,-193.34
1364,0.6849648065778758,-373,-195.07
1365,0.6848278136165603,25,-195.01
1366,0.6846908480538371,-200,-197.16
1367,0.6845539098842263,-66,-195.82
1368,0.6844169991022494,-371,-195.54
1369,0.684280115702429,-200,-193.55
1370,0.6841432596792885,-17,-193.89
1371,0.6840064310273526,-355,-193.95
1372,0.6838696297411472,-407,-197.75
1373,0.6837328558151989,-73,-196.48
1374,0.6835961092440359,-23,-193.43
1375,0.6834593900221871,18,-191.55
1376,0.6833226981441827,-372,-195.03
1377,0.6831860336045539,11,-194.99
1378,0.683049396397833,-109,-196.08
1379,0.6829127865185535,-371,-199.98
1380,0.6827762039612498,-200,-202.03
1381,0.6826396487204576,-447,-202.24
1382,0.6825031207907135,-354,-203.78
1383,0.6823666201665554,-5,-199.88
1384,0.682230146842522,-26,-197.02
1385,0.6820937008131536,15,-196.66
1386,0.681957282072991,-125,-197.9
1387,0.6818208906165765,-309,-196.87
1388,0.6816845264384531,-376,-199.2
1389,0.6815481895331654,14,-199.3
1390,0.6814118798952588,-446,-200.76
1391,0.6812755975192797,15,-196.53
1392,0.6811393423997758,20,-192.98
1393,0.6810031145312959,-41,-191.81
1394,0.6808669139083897,7,-188.74
1395,0.680730740525608,22,-185.33
1396,0.6805945943775029,-313,-188.6
1397,0.6804584754586275,-8,-188.29
1398,0.6803223837635358,-354,-190.8
1399,0.6801863192867831,9,-190.48
1400,0.6800502820229257,-151,-189.99
1401,0.6799142719665211,-145,-188.43
1402,0.6797782891121278,-301,-188.28
1403,0.6796423334543054,-200,-186.36
1404,0.6795064049876145,-30,-185.46
1405,0.679370503706617,1,-180.73
1406,0.6792346296058757,-2,-180.91
1407,0.6790987826799545,-380,-180.76
1408,0.6789629629234185,-29,-177.74
1409,0.6788271703308338,-373,-178.02
1410,0.6786914048967677,14,-175.88
1411,0.6785556666157884,-305,-174.88
1412,0.6784199554824653,-98,-173.86
1413,0.6782842714913688,16,-173.8
1414,0.6781486146370705,-98,-171.57
1415,0.6780129849141432,-155,-173.17
1416,0.6778773823171603,-200,-175.41
1417,0.677741806840697,25,-171.79
1418,0.6776062584793289,-200,-174.03
1419,0.6774707372276331,7,-174.21
1420,0.6773352430801876,-306,-177.48
1421,0.6771997760315716,-57,-174.49
1422,0.6770643360763653,-200,-174.49
1423,0.67692892320915,-200,-176.64
1424,0.6767935374245082,-56,-176.67
1425,0.6766581787170233,24,-172.17
1426,0.6765228470812799,-465,-172.44
1427,0.6763875425118636,-318,-172.6
1428,0.6762522650033612,-335,-173.95
1429,0.6761170145503606,-145,-175.3
1430,0.6759817911474505,-363,-174.8
1431,0.675846594789221,-51,-173.31
1432,0.6757114254702632,-397,-177.26
1433,0.6755762831851692,-200,-177.26
1434,0.6754411679285321,-477,-180.45
1435,0.6753060796949465,-200,-177.94
1436,0.6751710184790075,-461,-182.16
1437,0.6750359842753118,25,-181.1
1438,0.6749009770784568,-3,-179.13
1439,0.6747659968830411,-300,-178.07
1440,0.6746310436836644,-25,-178.38
1441,0.6744961174749278,-1,-178.12
1442,0.6743612182514328,-200,-179.54
1443,0.6742263460077825,-1,-178.85
1444,0.674091500738581,-66,-175.93
1445,0.6739566824384333,-43,-172.86
1446,0.6738218911019457,-325,-171.57
1447,0.6736871267237253,24,-166.95
1448,0.6735523892983806,-22,-166.94
1449,0.673417678820521,9,-166.95
1450,0.6732829952847569,-45,-165.4
1451,0.6731483386856999,-445,-166.85
1452,0.6730137090179628,-340,-170.41
1453,0.6728791062761592,-200,-169.26
1454,0.672744530454904,21,-166.02
1455,0.672609981548813,-10,-166.37
1456,0.6724754595525033,-21,-165.1
1457,0.6723409644605929,24,-160.14
1458,0.6722064962677008,-402,-160.3
1459,0.6720720549684472,-200,-162.29
1460,0.6719376405574535,14,-158.55
1461,0.6718032530293421,15,-154.12
1462,0.6716688923787362,-200,-154.55
1463,0.6715345586002605,-25,-153.38
1464,0.6714002516885405,-65,-150.3
1465,0.6712659716382028,-144,-151.99
1466,0.6711317184438752,11,-149.88
1467,0.6709974921001864,-49,-149.71
1468,0.6708632926017665,-200,-148.0
1469,0.6707291199432461,13,-145.87
1470,0.6705949741192575,-17,-145.87
1471,0.6704608551244337,-332,-145.64
1472,0.6703267629534088,-164,-143.21
1473,0.6701926976008181,25,-142.23
1474,0.670058659061298,-332,-145.32
1475,0.6699246473294858,-31,-145.81
1476,0.6697906624000198,-34,-142.43
1477,0.6696567042675399,23,-142.31
1478,0.6695227729266864,-364,-144.86
1479,0.6693888683721011,-374,-144.89
1480,0.6692549905984267,-396,-146.85
1481,0.6691211396003071,-1,-142.39
1482,0.668987315372387,-431,-143.16
1483,0.6688535179093125,-200,-145.11
1484,0.6687197472057306,24,-144.61
1485,0.6685860032562895,-200,-146.76
1486,0.6684522860556382,-83,-146.34
1487,0.6683185955984271,22,-143.03
1488,0.6681849318793074,-115,-140.42
1489,0.6680512948929316,-350,-144.06
1490,0.667917684633953,-375,-143.35
1491,0.6677841010970261,17,-143.33
1492,0.6676505442768067,-200,-145.53
1493,0.6675170141679514,-150,-146.62
1494,0.6673835107651178,-317,-149.86
1495,0.6672500340629648,-408,-154.16
1496,0.6671165840561523,-22,-151.25
1497,0.666983160739341,-99,-152.16
1498,0.6668497641071932,-1,-148.63
1499,0.6667163941543718,-200,-150.72
1500,0.6665830508755409,25,-148.96
1501,0.6664497342653658,7,-147.44
1502,0.6663164443185128,-363,-148.06
1503,0.6661831810296491,17,-145.89
1504,0.6660499443934432,-23,-145.82
1505,0.6659167344045646,-96,-146.79
1506,0.6657835510576836,-364,-150.41
1507,0.6656503943474721,-361,-150.22
1508,0.6655172642686026,-200,-151.93
1509,0.6653841608157489,-377,-151.97
1510,0.6652510839835858,-385,-155.96
1511,0.6651180337667891,-84,-153.75
1512,0.6649850101600357,-308,-155.85
1513,0.6648520131580038,-200,-158.01
1514,0.6647190427553722,-200,-159.03
1515,0.6645860989468211,-27,-157.75
1516,0.6644531817270317,15,-155.6
1517,0.6643202910906864,20,-155.65
1518,0.6641874270324682,-300,-156.65
1519,0.6640545895470618,24,-156.48
1520,0.6639217786291524,6,-153.36
1521,0.6637889942734265,-200,-154.79
1522,0.6636562364745718,-56,-153.35
1523,0.663523505227277,-424,-155.59
1524,0.6633908005262316,-110,-156.13
1525,0.6632581223661264,-80,-157.17
1526,0.6631254707416532,-114,-153.66
1527,0.6629928456475048,-149,-151.97
1528,0.6628602470783753,20,-148.42
1529,0.6627276750289597,17,-146.8
1530,0.6625951294939539,-343,-146.6
1531,0.6624626104680552,-13,-146.22
1532,0.6623301179459616,-200,-144.25
1533,0.6621976519223725,16,-142.09
1534,0.662065212391988,-400,-141.32
1535,0.6619327993495097,17,-139.15
1536,0.6618004127896397,23,-134.31
1537,0.6616680527070818,-43,-134.99
1538,0.6615357190965404,14,-134.82
1539,0.6614034119527211,-65,-132.47
1540,0.6612711312703305,-2,-132.24
1541,0.6611388770440765,8,-132.15
1542,0.6610066492686677,-425,-134.4
1543,0.660874447938814,-23,-134.62
1544,0.6607422730492263,10,-133.86
1545,0.6606101245946164,-307,-136.5
1546,0.6604780025696976,-200,-135.25
1547,0.6603459069691836,-95,-136.44
1548,0.6602138377877897,23,-135.99
1549,0.6600817950202322,-7,-136.15
1550,0.6599497786612282,3,-135.67
1551,0.6598177887054959,-35,-131.57
1552,0.6596858251477549,-200,-130.17
1553,0.6595538879827253,-37,-128.54
1554,0.6594219772051287,-395,-132.7
1555,0.6592900928096878,-6,-132.66
1556,0.6591582347911258,-324,-135.69
1557,0.6590264031441676,13,-135.8
1558,0.6588945978635388,-315,-134.93
1559,0.658762818943966,-200,-134.93
1560,0.6586310663801772,-200,-137.07
1561,0.6584993401669011,-307,-140.29
1562,0.6583676402988677,-302,-141.31
1563,0.658235966770808,23,-140.83
1564,0.6581043195774539,24,-139.94
1565,0.6579726987135384,-22,-138.72
1566,0.6578411041737957,-28,-139.11
1567,0.657709535952961,-200,-140.62
1568,0.6575779940457704,-368,-142.3
1569,0.6574464784469614,-34,-142.77
1570,0.657314989151272,-200,-144.6
1571,0.6571835261534417,-456,-145.84
1572,0.657052089448211,-200,-146.2
1573,0.6569206790303214,8,-146.37
1574,0.6567892948945153,14,-142.91
1575,0.6566579370355364,-1,-142.61
1576,0.6565266054481294,-29,-142.56
1577,0.6563953001270397,-146,-144.25
1578,0.6562640210670143,-60,-141.21
1579,0.656132768262801,12,-137.35
1580,0.6560015417091485,-91,-134.3
1581,0.6558703414008067,24,-134.05
1582,0.6557391673325266,21,-129.53
1583,0.6556080194990601,17,-127.36
1584,0.6554768978951603,-200,-129.6
1585,0.6553458025155813,-163,-129.23
1586,0.6552147333550782,1,-128.39
1587,0.6550836904084072,-200,-130.61
1588,0.6549526736703255,-304,-132.5
1589,0.6548216831355914,-348,-132.48
1590,0.6546907187989643,-301,-131.74
1591,0.6545597806552046,-45,-132.36
1592,0.6544288686990736,12,-130.24
1593,0.6542979829253338,21,-128.53
1594,0.6541671233287487,-379,-129.15
1595,0.654036289904083,-17,-125.24
1596,0.6539054826461023,-303,-128.05
1597,0.6537747015495731,-320,-130.26
1598,0.6536439466092632,-332,-133.57
1599,0.6535132178199413,-6,-131.63
1600,0.6533825151763774,-200,-133.88
1601,0.6532518386733421,-9,-134.04
1602,0.6531211883056075,-200,-132.41
1603,0.6529905640679464,-334,-135.92
1604,0.6528599659551328,-200,-137.69
1605,0.6527293939619419,-307,-139.8
1606,0.6525988480831495,-78,-136.94
1607,0.6524683283135329,-370,-137.03
1608,0.6523378346478702,-317,-138.2
1609,0.6522073670809406,-90,-135.33
1610,0.6520769256075245,-136,-132.84
1611,0.651946510222403,-307,-135.07
1612,0.6518161209203586,-23,-132.22
1613,0.6516857576961745,-375,-133.97
1614,0.6515554205446353,-200,-133.97
1615,0.6514251094605265,-91,-134.61
1616,0.6512948244386344,-444,-139.2
1617,0.6511645654737467,-53,-139.93
1618,0.6510343325606519,-30,-137.23
1619,0.6509041256941398,-75,-138.22
1620,0.650773944869001,-147,-139.75
1621,0.6506437900800272,1,-137.74
1622,0.6505136613220112,-52,-137.7
1623,0.6503835585897467,-200,-135.46
1624,0.6502534818780288,-346,-137.82
1625,0.6501234311816532,-200,-139.02
1626,0.6499934064954168,-12,-138.0
1627,0.6498634078141178,-21,-136.72
1628,0.649733435132555,3,-136.89
1629,0.6496034884455285,-46,-137.52
1630,0.6494735677478394,-451,-138.6
1631,0.6493436730342899,-415,-142.62
1632,0.649213804299683,-13,-140.75
1633,0.6490839615388231,-74,-141.65
1634,0.6489541447465154,-75,-138.4
1635,0.6488243539175661,-431,-142.88
1636,0.6486945890467826,-70,-143.81
1637,0.6485648501289732,-71,-144.09
1638,0.6484351371589475,-332,-147.55
1639,0.6483054501315157,12,-146.78
1640,0.6481757890414894,-200,-148.76
1641,0.6480461538836811,-349,-152.33
1642,0.6479165446529044,-314,-151.22
1643,0.6477869613439738,0,-150.99
1644,0.647657403951705,-414,-155.23
1645,0.6475278724709147,-200,-154.16
1646,0.6473983668964205,1,-152.15
1647,0.6472688872230412,-57,-151.77
1648,0.6471394334455967,-11,-152.11
1649,0.6470100055589075,23,-151.81
1650,0.6468806035577958,-347,-155.31
1651,0.6467512274370842,-419,-159.15
1652,0.6466218771915968,-200,-159.15
1653,0.6464925528161585,-153,-160.31
1654,0.6463632543055953,-328,-159.64
1655,0.6462339816547341,-8,-159.66
